PC1;PC2;PC3
-0.13405987484738316;1.5549158865124408;0.1969922082845905
3.25489002736728;-0.5118221038118294;-0.17820006214465747
-1.706177232580037;-0.8812233449671398;-0.048722440703776404
